,Dictyota.dichotoma,Halopteris.filicina,Lobophora.variegata,Pseudolithoderma.adriaticum,Acrothamnion.preissii,Corallina.elongata,Hildenbrandia.crouaniorum,Lithophyllum.cabiochae,Lithophyllum.stictaeforme,Mesophyllum.alternans,Neogoniolithon.brassica.florida,Peyssonnelia.bornetii,Peyssonnelia.rosa.marina,Peyssonnelia.rubra,Peyssonnelia.squamaria,Palmophyllum.crassum,Acanthella.acuta,Agelas.oroides,Axinella.damicornis,Chondrilla.nucula,Chondrosia.reniformis,Clathrina.contorta,Clathrina.clathrus,Clathrina.taronja,Cliona.celata,Cliona.viridis,Corticium.candelabrum,Crambe.crambe,Crambe.taillezii,Crella.cf.incrustans,Dendroxea.lenis,Desmanthus.incrustans,Diplastrella.bistellata,Diplastrella.bistellata2,Dysidea.avara,Eurypon.sp,Haliclona.mucosa,Hemimycale.columella,Hymedesmia.sp,Ircinia.variabilis,Ircinia.oros,Ircinia.sp,Merlia.normani,Merlia.deficiens,Merlia.lipoclavidisca,Mycale cf.,Petrosia.ficiformis,Phorbas.tenacior,Pleraplysilla.spinifera,Raspaciona.aculeata,Spirastrella.cunctatrix,Spirastrella.magica,Spongia.virgultosa,Sycon.elegans,Terpios.fugax,Tethya.aurantium,Astroides.calycularis,Caryophyllia.inornata,Eudendrium.sp,Hidrozoa.unidentified,Hoplangia.durotrix,Leptopsammia.pruvoti,Madracis.pharensis,Polycyathus.muellerae,Bugulina.flabellata,Bugulina.calathus,Celleporina.caminata,Crisia.sp,Lichenopora.radiata,Myriapora.truncata,Pentapora.ottomuelleriana,Pherusella.cf.tubulosa ,Puellina.radiata,Reptadeonella.violacea,Reteporella.grimaldii,Rhynchozoon.bispinosum,Schizoporella.cf.errata,Bonellia.viridis,Protula.sp,Sabella.spallanzani,Salmacina.dysteri,Serpula.sp,Spirobranchus.sp,Prostheceraeus.roseus,Arca.noae,Hexaplex.trunculus,Mytilus.galloprovincialis,Rocellaria.dubia,Tarantinea.lignarius,Thais.haemastoma,Thylacodes.arenarius,Arbacia.lixula,Echinaster.sepositus,Ophiothrix.fragilis,Miniacina.miniacea,Balanus.sp,Clibanarius.erythropus,Dromia.personata,Cystodites.dellechiajei,Didemnidae.gros.blanc,Didemnum.sp,Diplosoma.spongiforme,Eudistoma.banyulense,Lissoclinum.perforatum,Polysyncraton.lacazei,Polysyncraton.lacazei.elegans,Pycnoclavella.blanca,Pyura.dura,Turf,Bare.substrate
1V3,0,10.41666667,0,0,0,0,0,0,0,0,0,0,0,0,0,0,0,0,0,0,0,0,0,0,0,0,0,0,0,0,0,0,0,0,0,0,0,0,0,0,0,0,0,0,0,0,37.5,0,0,0,0,16.66666667,0,0,2.083333333,0,4.166666667,0,0,0,0,0,0,0,0,0,0,0,0,0,0,0,0,0,0,0,0,0,0,0,0,0,0,0,0,0,0,0,0,0,0,0,0,0,0,0,0,0,0,0,0,0,0,0,0,0,0,0,0,29.16666667
2V3,0,11.62790698,0,0,0,0,0,0,0,0,0,0,0,0,0,0,0,0,0,0,0,0,0,0,0,0,0,0,0,0,0,0,0,0,0,0,0,0,0,0,0,0,0,0,0,0,0,0,0,0,58.13953488,0,0,0,0,0,25.58139535,0,0,0,0,0,0,0,0,0,0,0,0,0,4.651162791,0,0,0,0,0,0,0,0,0,0,0,0,0,0,0,0,0,0,0,0,0,0,0,0,0,0,0,0,0,0,0,0,0,0,0,0,0,0,0
3V3,0,0,0,0,0,0,0,0,0,0,0,0,0,0,0,0,0,0,0,0,29.78723404,0,0,0,0,0,0,6.382978723,0,0,0,0,0,0,0,0,0,0,0,0,0,0,0,0,0,0,0,0,0,0,0,21.27659574,0,0,2.127659574,0,17.0212766,0,0,0,0,0,0,0,0,4.255319149,0,0,0,0,12.76595745,0,0,0,0,0,0,0,0,0,0,0,6.382978723,0,0,0,0,0,0,0,0,0,0,0,0,0,0,0,0,0,0,0,0,0,0,0,0,0,0,0
4V3,0,0,0,0,0,0,19.04761905,0,0,0,0,0,0,0,0,0,0,0,0,4.761904762,0,0,0,0,0,0,0,2.380952381,0,0,0,0,0,0,0,0,0,0,0,0,0,0,0,0,0,0,0,0,0,0,59.52380952,0,0,0,0,0,0,0,0,0,0,0,0,0,0,0,0,0,0,0,4.761904762,0,0,0,0,0,0,0,0,0,0,0,0,0,0,0,0,0,0,0,0,0,0,0,0,0,0,0,0,0,0,0,0,0,0,0,0,0,0,9.523809524
5V3,0,0,0,0,0,0,19.04761905,0,0,0,0,0,0,0,0,0,0,0,0,4.761904762,0,0,0,0,0,0,2.380952381,0,0,2.380952381,0,0,0,0,0,0,2.380952381,0,0,0,0,0,0,0,0,0,52.38095238,0,2.380952381,0,0,2.380952381,0,0,0,2.380952381,0,0,0,0,0,0,0,0,0,0,0,0,0,0,0,0,0,0,0,0,0,0,0,0,0,0,0,0,0,0,0,0,0,0,0,0,0,0,0,0,0,0,0,0,0,0,0,0,0,0,0,0,0,9.523809524
6V3,0,0,0,0,0,0,20,0,0,0,0,0,0,0,0,0,0,0,0,0,0,0,0,0,0,0,2.5,0,0,2.5,0,0,0,0,0,0,2.5,0,0,0,0,0,0,0,0,0,0,0,0,0,0,42.5,0,0,0,0,0,0,0,0,0,0,0,0,0,0,0,0,0,0,5,5,0,0,0,0,0,0,0,0,0,0,0,0,0,0,0,0,0,0,0,0,0,0,0,0,0,0,0,0,0,0,0,0,0,0,0,0,0,20
7V3,0,0,0,0,0,0,18.60465116,0,0,0,0,0,0,0,0,0,0,0,0,0,27.90697674,0,0,0,0,0,0,0,0,0,0,0,0,0,0,0,0,0,0,0,0,0,0,0,0,0,0,0,0,0,2.325581395,2.325581395,0,0,2.325581395,0,0,0,0,0,0,0,0,0,0,0,0,0,0,0,0,13.95348837,0,0,0,0,0,0,0,2.325581395,0,0,0,0,0,0,0,0,0,0,0,0,0,0,0,0,0,0,0,0,0,0,0,0,0,0,0,0,0,30.23255814
8V3,0,0,0,0,0,0,0,0,0,0,0,0,0,0,0,0,0,0,0,0,0,0,0,0,0,0,0,0,0,0,0,0,32.60869565,0,0,0,0,0,0,0,0,0,0,0,0,0,43.47826087,4.347826087,0,0,4.347826087,0,0,0,0,0,13.04347826,0,0,0,0,0,0,0,0,0,0,0,0,0,0,0,0,0,0,0,0,0,0,2.173913043,0,0,0,0,0,0,0,0,0,0,0,0,0,0,0,0,0,0,0,0,0,0,0,0,0,0,0,0,0,0
9V3,0,0,0,0,0,0,0,0,0,0,0,0,0,0,0,0,0,0,0,0,0,0,0,0,0,0,0,0,0,0,0,0,0,0,2.272727273,0,0,0,0,0,0,0,0,0,0,0,0,0,0,0,29.54545455,36.36363636,0,0,0,0,0,0,0,0,0,0,0,0,0,0,0,0,0,0,4.545454545,9.090909091,0,0,0,0,0,0,0,0,0,0,0,0,0,0,0,0,0,0,0,0,0,0,0,0,0,0,0,0,0,0,0,0,0,0,0,0,0,18.18181818
10V3,0,0,0,0,0,0,19.04761905,0,0,0,0,0,0,0,0,0,0,0,0,0,16.66666667,0,0,0,0,0,0,0,0,0,0,0,0,0,0,0,0,0,0,0,0,0,0,0,0,0,0,0,2.380952381,0,0,0,0,0,0,2.380952381,0,0,0,0,0,0,0,0,0,0,0,0,0,0,0,11.9047619,0,0,0,0,0,0,0,0,0,0,0,0,0,0,0,0,0,0,0,0,0,0,0,0,0,0,0,0,0,0,0,0,0,0,0,0,0,47.61904762
11V3,0,0,0,0,0,0,0,0,0,0,0,0,0,0,0,0,0,0,0,0,0,0,0,0,0,0,0,0,0,0,0,0,0,0,0,0,0,0,0,0,0,0,0,0,0,0,0,0,0,0,0,0,0,0,0,0,25.53191489,0,0,0,0,0,0,0,0,0,0,0,0,0,8.510638298,0,0,2.127659574,0,0,0,0,0,0,0,0,0,0,0,0,0,0,0,0,0,0,0,0,0,31.91489362,0,0,0,0,0,0,0,0,0,0,0,0,0,31.91489362
12V3,0,0,0,0,0,0,0,0,0,0,0,0,0,0,0,0,0,0,0,0,0,0,0,0,0,0,0,0,0,0,0,0,0,0,0,0,0,0,0,0,0,0,0,0,0,0,0,0,0,0,0,0,0,0,0,0,7.407407407,0,0,0,0,0,0,0,0,0,0,0,0,0,0,27.77777778,0,0,0,0,0,0,0,0,0,0,0,0,0,0,0,0,0,0,0,0,0,0,0,37.03703704,0,0,0,0,0,0,0,0,0,0,0,0,0,27.77777778
13V3,0,0,0,0,0,0,14.49275362,0,0,0,0,0,0,0,0,0,0,0,0,0,0,0,0,0,0,0,0,7.246376812,0,0,0,0,0,0,0,0,0,0,11.5942029,0,0,0,18.84057971,0,0,0,0,1.449275362,0,0,15.94202899,1.449275362,0,0,4.347826087,0,0,0,0,0,0,0,0,0,0,0,0,0,0,5.797101449,5.797101449,0,0,0,0,0,0,0,0,0,0,0,0,0,0,0,0,0,0,0,0,0,0,0,0,7.246376812,0,0,0,0,0,0,0,0,0,0,0,0,0,5.797101449
14V3,0,0,0,0,0,0,17.91044776,0,0,0,0,0,0,0,0,0,0,0,0,0,0,0,0,0,0,0,0,0,0,0,0,0,0,0,0,0,0,0,0,0,0,0,13.43283582,0,0,0,0,16.41791045,0,0,26.86567164,0,0,0,4.47761194,0,7.462686567,0,0,0,0,0,0,0,0,0,0,0,0,0,4.47761194,0,0,0,0,0,0,0,0,0,0,0,0,0,0,0,0,0,0,0,0,0,0,0,0,0,0,0,0,0,0,1.492537313,0,0,0,0,0,0,0,7.462686567
15V3,0,0,0,0,0,0,10,0,0,0,0,0,0,0,0,0,0,0,0,0,0,0,0,0,0,0,0,0,0,0,0,0,0,0,0,0,0,0,0,0,0,0,3.333333333,0,0,0,0,21.66666667,0,0,0,21.66666667,0,0,0,0,3.333333333,0,0,0,0,0,0,0,0,0,0,0,0,0,23.33333333,0,0,0,0,0,0,0,0,0,0,0,0,0,0,0,0,0,0,0,0,0,0,0,0,0,0,0,0,0,0,0,0,0,0,0,0,0,0,16.66666667
16V3,0,0,0,0,0,0,12.24489796,0,0,0,0,0,0,0,0,0,0,0,0,0,28.57142857,0,0,0,0,0,0,0,0,0,0,0,0,0,0,0,0,0,0,0,0,0,4.081632653,0,0,0,0,0,0,0,22.44897959,8.163265306,0,0,4.081632653,0,2.040816327,0,0,0,0,0,0,0,0,0,0,0,0,0,6.12244898,0,0,0,0,0,0,0,0,0,0,0,0,0,0,0,0,0,0,0,0,0,0,0,0,2.040816327,0,0,0,0,0,0,0,0,0,0,0,0,0,10.20408163
17V3,0,0,0,0,0,0,0,0,0,0,0,0,0,0,0,0,0,0,0,0,0,0,0,0,0,0,0,0,0,0,0,0,0,0,0,0,0,0,0,0,0,0,0,0,0,0,0,28.57142857,0,0,34.69387755,8.163265306,0,0,0,0,2.040816327,0,0,0,0,0,0,0,0,0,0,0,0,2.040816327,12.24489796,0,0,0,0,0,0,0,0,0,0,0,0,0,0,0,0,0,0,0,0,0,0,0,0,0,0,0,0,0,0,0,0,0,0,0,0,0,0,12.24489796
18V3,0,0,0,0,0,0,11.76470588,0,0,0,0,0,0,0,0,0,0,0,0,0,27.45098039,0,0,0,0,0,0,5.882352941,0,0,0,0,0,0,0,0,0,0,0,0,0,0,0,0,0,0,0,0,0,0,15.68627451,0,0,0,0,0,0,0,0,0,0,0,0,0,0,1.960784314,0,0,0,0,25.49019608,0,0,0,0,0,0,0,0,0,0,0,0,0,0,0,0,0,0,0,0,0,0,0,0,0,0,0,0,0,0,0,0,0,0,0,0,0,0,11.76470588
19V3,0,0,0,0,0,0,11.9047619,0,0,0,0,0,0,0,0,0,0,2.380952381,0,0,19.04761905,0,0,0,0,0,0,0,0,0,0,0,0,0,0,0,0,0,0,0,0,0,0,0,0,0,0,0,0,0,0,0,0,0,0,0,0,0,0,0,0,0,0,0,0,0,0,0,0,28.57142857,14.28571429,0,0,0,0,0,0,0,0,0,0,0,9.523809524,0,0,0,0,0,0,0,0,0,0,0,0,0,0,0,0,0,0,0,0,0,0,0,0,0,0,14.28571429
20V3,0,0,0,0,0,0,8.510638298,0,0,0,0,0,0,0,0,0,0,0,0,0,40.42553191,0,0,0,0,0,0,0,0,0,0,0,0,0,0,0,0,0,0,0,0,0,0,0,0,0,0,0,0,0,21.27659574,2.127659574,0,0,0,0,0,0,0,0,0,0,0,0,0,0,0,0,0,0,21.27659574,0,0,0,0,0,0,0,0,0,0,0,0,0,0,0,0,0,0,0,0,0,0,0,0,0,0,0,0,0,0,0,0,0,0,0,0,0,0,6.382978723
21V3,0,0,0,0,0,0,0,0,0,0,0,0,0,0,0,0,0,0,0,0,54.05405405,0,0,0,0,0,0,0,0,0,0,0,0,0,0,0,0,0,0,0,0,0,0,0,0,0,0,0,0,0,0,5.405405405,0,0,0,0,0,0,0,0,0,0,0,0,0,0,0,0,0,0,27.02702703,0,0,0,0,0,0,0,0,0,0,0,0,0,0,0,0,0,0,0,0,0,0,0,0,0,0,0,0,0,0,0,0,0,0,0,0,0,0,13.51351351
22V3,0,0,0,0,0,0,15.55555556,0,0,0,0,0,0,0,0,0,0,0,0,0,0,0,0,0,0,0,0,0,0,0,0,0,0,0,0,0,0,0,0,0,0,0,0,0,0,0,0,0,0,0,0,31.11111111,0,0,0,0,0,0,0,0,0,0,0,0,0,0,0,0,0,0,33.33333333,6.666666667,0,0,0,0,0,0,0,0,0,0,0,0,0,0,0,0,0,0,0,0,0,0,0,0,0,0,0,0,0,0,0,0,0,0,0,0,0,13.33333333
23V3,0,0,0,0,0,0,0,0,0,0,0,0,0,0,0,0,0,0,0,0,9.803921569,0,0,0,0,0,0,0,0,0,0,0,0,0,0,0,0,0,0,0,0,0,0,0,0,0,0,0,0,0,0,15.68627451,0,0,0,0,15.68627451,0,0,0,0,0,0,0,0,0,0,0,0,0,39.21568627,0,0,0,0,0,0,0,0,0,0,0,0,0,0,0,0,0,0,0,0,0,0,0,0,9.803921569,0,0,0,0,0,0,0,0,0,0,0,0,0,9.803921569
24V3,0,0,0,0,0,0,0,0,0,0,0,0,0,0,0,0,0,0,0,0,0,0,0,0,0,0,0,0,0,0,0,0,0,0,0,0,0,0,0,0,0,0,0,0,0,0,0,0,0,0,55.55555556,0,0,0,0,0,5.555555556,0,0,0,0,0,0,0,0,0,0,0,0,0,13.88888889,0,0,0,0,0,0,0,0,0,0,0,0,0,0,0,0,0,0,0,0,0,0,0,0,13.88888889,0,0,0,0,0,0,0,0,0,0,0,0,0,11.11111111
25V3,0,0,0,0,0,0,0,0,0,0,0,0,0,0,0,0,0,0,0,0,14.28571429,0,0,0,0,0,0,0,0,0,0,0,11.42857143,0,0,0,0,0,0,0,0,0,0,0,0,0,0,0,0,0,42.85714286,11.42857143,0,0,2.857142857,0,0,0,0,0,0,0,0,0,0,0,0,0,0,0,2.857142857,0,0,0,0,0,0,0,0,0,0,0,0,0,0,0,0,0,0,0,0,0,0,0,0,0,0,0,0,0,0,0,0,0,0,0,0,0,0,14.28571429
26V3,0,0,0,0,0,0,0,0,0,0,0,0,0,0,0,0,0,0,0,0,0,0,0,0,0,0,0,0,0,0,0,0,0,0,0,0,0,0,0,0,0,0,0,0,0,0,51.28205128,0,0,0,0,0,0,0,2.564102564,0,10.25641026,0,0,0,0,0,0,0,2.564102564,0,0,0,0,0,25.64102564,0,0,0,0,0,0,0,0,0,0,0,0,0,0,0,0,0,0,0,0,0,0,0,0,0,0,0,0,0,0,0,0,0,0,0,0,0,0,7.692307692
27V3,0,0,0,0,0,0,0,0,0,0,0,0,0,0,0,0,0,0,0,57.89473684,0,0,0,0,0,0,0,13.15789474,0,0,0,0,0,0,0,0,0,0,0,0,0,0,0,0,0,0,0,0,0,0,0,5.263157895,0,0,0,0,0,0,0,0,0,0,0,0,0,0,0,0,0,0,10.52631579,5.263157895,0,0,0,0,0,0,0,0,0,0,0,0,0,0,0,0,0,0,0,0,0,0,0,0,0,0,0,0,0,0,0,0,0,0,0,0,0,7.894736842
28V3,0,0,0,0,0,0,7.843137255,0,0,0,0,0,0,0,0,0,0,0,0,0,15.68627451,0,0,0,0,0,0,0,0,0,0,0,0,0,0,0,0,0,0,0,0,0,1.960784314,0,0,0,0,0,0,0,29.41176471,0,0,0,3.921568627,0,11.76470588,0,0,0,0,0,0,0,0,0,0,0,0,0,11.76470588,0,0,0,0,0,0,0,0,0,0,0,0,0,0,0,0,0,0,0,0,0,0,0,0,3.921568627,0,0,0,0,0,0,0,0,0,0,0,0,0,13.7254902
29V3,0,0,0,0,0,0,0,0,0,0,0,0,0,0,0,0,0,0,0,0,19.23076923,0,0,0,0,0,0,0,0,0,0,0,0,0,0,0,0,0,0,0,0,0,3.846153846,0,0,0,0,0,0,0,0,0,0,0,0,0,19.23076923,0,0,0,0,0,0,0,0,0,0,0,0,0,13.46153846,1.923076923,0,0,0,0,0,0,0,0,0,0,0,0,0,0,0,0,0,0,0,0,0,0,0,19.23076923,0,0,0,0,0,0,0,0,0,0,0,0,0,23.07692308
30V3,0,0,0,0,0,0,8,0,0,0,0,0,0,0,0,0,0,0,0,0,0,0,0,0,0,0,0,0,0,0,0,0,0,0,0,0,0,0,0,0,4,0,0,0,0,0,0,0,0,0,0,0,0,0,0,0,24,0,0,0,0,0,0,0,0,0,0,0,0,0,22,6,0,0,0,0,0,0,0,0,0,0,0,0,0,0,0,0,0,0,0,0,0,0,0,16,0,0,0,0,0,0,0,0,0,0,0,0,0,20
31V3,0,0,0,0,0,0,0,0,0,0,0,0,0,0,0,0,0,0,0,0,0,0,0,0,0,0,0,0,0,0,0,0,0,0,0,0,0,0,0,0,0,16.66666667,8.333333333,0,0,0,0,0,0,0,0,0,0,0,1.666666667,0,16.66666667,0,0,0,0,0,0,0,0,0,0,0,0,0,13.33333333,3.333333333,0,0,0,0,0,0,0,0,0,0,0,0,0,0,0,0,0,0,0,0,0,0,0,16.66666667,0,0,0,0,10,0,0,0,0,0,0,0,0,13.33333333
32V3,0,0,0,0,0,0,0,0,0,0,0,0,0,0,0,0,0,0,0,0,6.666666667,0,0,0,0,0,0,0,0,0,0,0,0,0,0,0,0,0,8.888888889,0,0,0,0,0,0,0,0,0,0,0,0,0,0,0,0,0,17.77777778,0,0,0,0,0,0,0,0,0,0,0,0,0,11.11111111,0,0,0,0,0,0,0,0,0,0,0,0,0,0,0,0,0,0,0,0,0,0,0,0,22.22222222,0,0,0,0,0,0,0,0,0,0,0,0,0,33.33333333
33V3,0,0,0,0,0,0,0,0,0,0,0,0,0,0,0,0,0,0,0,0,25.53191489,0,0,0,0,0,0,0,0,0,0,0,0,0,0,0,0,0,0,0,0,0,0,0,0,0,0,0,0,0,0,0,0,0,0,0,17.0212766,0,0,0,0,0,0,0,0,0,0,0,0,0,21.27659574,0,0,0,0,0,0,0,0,0,0,0,0,0,0,0,0,0,0,0,0,0,0,0,0,4.255319149,0,0,0,0,0,0,0,0,0,0,0,0,0,31.91489362
34V3,0,0,0,0,0,0,0,0,0,0,0,0,0,0,0,0,0,0,0,0,0,0,0,0,0,0,0,0,0,0,0,0,47.5,0,0,0,0,0,0,0,0,0,0,0,0,0,0,0,0,0,0,22.5,0,0,0,0,7.5,0,0,0,0,0,0,0,0,0,0,0,0,0,5,0,0,0,0,0,0,0,0,0,0,0,0,0,0,0,0,0,0,0,0,0,0,0,0,10,0,0,0,0,0,0,0,0,0,0,0,0,0,7.5
35V3,0,0,0,0,0,0,0,0,0,0,0,2.222222222,11.11111111,0,0,0,0,0,0,0,0,0,0,0,0,0,0,11.11111111,0,0,0,0,11.11111111,0,0,0,0,0,0,0,0,0,0,0,0,0,37.77777778,0,0,0,0,0,0,0,8.888888889,0,4.444444444,0,0,0,0,0,0,0,0,0,0,0,0,0,0,0,0,0,0,0,0,0,0,0,0,0,0,0,0,0,0,0,0,0,0,0,0,0,0,0,0,0,0,0,0,0,0,0,0,0,0,0,0,13.33333333
36V3,0,0,0,0,0,0,0,0,0,0,0,2.173913043,10.86956522,0,0,0,0,0,0,0,0,0,0,0,0,0,0,0,0,0,0,0,0,0,0,0,0,0,0,0,0,0,0,0,0,0,43.47826087,0,0,0,13.04347826,0,0,0,4.347826087,0,8.695652174,0,0,0,0,0,0,0,0,0,0,0,0,0,0,0,0,0,0,0,0,0,0,0,0,0,0,0,0,0,0,0,0,0,0,0,0,0,0,0,0,0,0,0,0,0,0,0,0,0,0,0,0,17.39130435
37V3,0,0,0,0,0,0,0,0,0,0,0,0,0,0,0,0,0,0,0,0,41.30434783,0,0,0,0,0,0,0,0,0,0,0,0,0,0,0,0,0,0,0,0,0,0,0,0,0,0,0,0,0,21.73913043,10.86956522,0,0,2.173913043,0,21.73913043,0,0,0,0,0,0,0,0,0,0,0,0,0,2.173913043,0,0,0,0,0,0,0,0,0,0,0,0,0,0,0,0,0,0,0,0,0,0,0,0,0,0,0,0,0,0,0,0,0,0,0,0,0,0,0
38V3,0,0,0,0,0,0,0,0,0,0,0,0,0,0,0,0,0,0,0,0,24.59016393,0,0,0,0,0,0,0,0,0,0,0,0,0,0,0,0,0,0,0,0,0,3.278688525,0,0,0,0,13.1147541,0,0,0,3.278688525,0,0,3.278688525,0,16.39344262,0,0,0,0,0,0,0,0,0,0,0,0,0,16.39344262,0,0,0,0,0,0,0,0,0,0,0,0,0,0,0,0,0,0,0,0,0,0,0,0,0,0,0,0,0,0,0,0,0,0,0,0,0,0,19.67213115
39V3,0,0,0,0,0,0,0,0,0,0,0,0,0,0,0,0,0,0,0,0,0,0,0,0,0,0,0,0,0,0,0,0,28.26086957,0,0,0,0,0,0,0,0,0,0,0,0,0,34.7826087,0,0,0,8.695652174,0,0,0,2.173913043,0,8.695652174,0,0,0,0,0,0,0,0,0,0,0,0,0,0,0,0,0,0,0,0,0,0,0,0,0,0,0,0,0,0,0,0,0,0,0,0,0,0,0,0,0,0,0,0,0,0,0,0,0,0,0,0,17.39130435
40V3,0,0,0,0,0,0,0,0,0,0,0,0,0,0,0,0,0,0,0,0,8.695652174,0,0,0,0,0,0,0,0,0,0,0,0,0,0,0,0,0,0,0,0,0,0,0,0,0,39.13043478,0,0,0,0,0,0,0,6.52173913,0,6.52173913,0,0,0,0,0,0,0,0,0,0,0,0,0,0,6.52173913,0,0,0,0,0,0,0,0,0,0,0,0,0,0,0,0,0,0,0,0,0,0,0,0,0,0,0,0,0,0,0,0,0,0,0,0,0,32.60869565
41V3,0,0,0,0,0,0,0,0,0,0,0,0,0,0,0,0,0,0,0,0,4,0,0,0,0,0,0,0,0,0,0,0,0,0,0,0,0,0,0,0,0,0,0,0,0,0,40,0,0,0,22,0,0,0,0,0,6,0,0,0,0,0,0,0,0,0,0,0,0,0,6,6,0,0,0,0,0,0,0,0,0,0,0,0,0,0,0,0,0,0,0,0,0,0,0,0,0,0,0,0,0,0,0,0,0,0,0,0,0,16
42V3,0,0,0,0,0,0,0,0,0,0,0,0,0,0,0,0,0,0,0,0,0,0,0,0,0,0,13.88888889,0,0,2.777777778,0,0,0,0,0,0,0,0,0,0,0,0,0,0,0,0,0,0,0,0,63.88888889,0,0,0,2.777777778,0,2.777777778,0,0,0,0,0,0,0,0,0,0,0,0,0,0,0,0,0,0,0,0,0,0,0,0,0,0,0,0,0,0,0,0,0,0,0,0,0,0,0,0,0,0,0,0,0,0,0,0,0,0,0,0,13.88888889
43V3,0,0,0,0,0,0,0,0,0,0,0,0,0,0,0,0,0,0,0,0,0,0,0,0,0,0,13.51351351,0,0,2.702702703,0,0,0,0,0,0,0,0,0,0,0,0,0,0,0,0,0,0,0,0,40.54054054,0,0,0,0,0,2.702702703,0,0,0,0,0,0,0,0,0,0,0,0,0,5.405405405,0,0,0,0,0,0,0,0,0,0,0,0,0,0,0,0,0,0,0,0,0,0,0,0,0,0,0,0,0,0,0,0,0,0,0,0,0,0,35.13513514
44V3,0,0,0,0,0,0,0,0,0,0,0,0,0,0,0,0,0,0,0,0,13.51351351,0,0,0,0,0,0,0,0,0,0,0,0,0,0,0,0,0,0,0,0,0,0,0,0,0,0,0,0,0,10.81081081,37.83783784,0,0,5.405405405,0,0,0,0,0,0,0,0,0,0,0,0,0,0,0,0,0,0,0,0,0,0,0,0,0,0,0,2.702702703,0,0,0,0,0,0,0,0,0,0,0,0,0,0,0,0,0,0,0,0,0,0,0,0,0,0,29.72972973
45V3,0,0,0,0,0,0,0,0,0,0,0,0,0,0,0,0,0,0,0,0,2.380952381,0,0,0,0,0,0,0,0,0,0,0,0,0,0,0,0,0,0,0,0,0,0,0,0,0,0,4.761904762,0,0,54.76190476,0,0,0,0,0,23.80952381,0,0,7.142857143,0,0,0,0,0,0,0,0,0,0,7.142857143,0,0,0,0,0,0,0,0,0,0,0,0,0,0,0,0,0,0,0,0,0,0,0,0,0,0,0,0,0,0,0,0,0,0,0,0,0,0,0
46V3,0,0,0,0,0,0,0,0,0,0,0,0,0,0,0,0,0,0,0,0,0,0,0,0,0,0,0,0,0,0,0,0,0,0,0,0,0,0,0,0,0,0,0,0,0,0,0,0,0,0,60.60606061,0,3.03030303,0,6.060606061,0,0,0,0,0,0,0,0,0,0,0,0,0,0,0,9.090909091,0,0,0,0,0,0,0,0,3.03030303,0,0,0,0,0,0,0,0,0,0,0,0,0,0,0,0,0,0,0,0,0,0,0,0,0,0,0,0,0,18.18181818
47V3,0,0,0,0,0,0,0,0,0,0,0,0,0,0,0,0,0,0,0,0,0,0,0,0,0,0,0,0,0,0,0,0,0,0,0,0,0,0,0,0,0,0,0,0,0,0,0,0,0,0,0,17.64705882,2.941176471,0,0,0,5.882352941,0,0,0,0,0,0,0,0,0,0,0,0,0,5.882352941,5.882352941,0,0,0,0,0,0,0,0,0,0,0,0,0,0,0,0,0,0,0,0,0,0,0,2.941176471,0,0,0,0,0,0,0,0,0,0,0,0,0,58.82352941
48V3,0,0,0,0,0,0,0,0,0,0,0,0,0,0,0,0,0,0,0,0,0,0,0,0,0,0,0,0,0,0,0,0,0,0,0,0,0,0,0,0,0,0,0,0,0,0,0,0,0,0,2.564102564,35.8974359,0,0,0,0,2.564102564,0,0,0,0,0,0,0,0,0,0,0,0,0,5.128205128,7.692307692,0,0,0,0,0,0,0,0,0,0,0,0,0,0,0,0,0,0,0,0,0,0,0,0,0,0,0,0,0,0,0,0,0,0,0,0,0,46.15384615
1A3a,0,0,0,0,0,0,0,0,0,0,0,0,0,0,0,0,0,0,0,0,5.208333333,5.208333333,0,0,0,0,0,0,0,0,4.166666667,0,0,0,0,0,0,0,0,0,0,0,5.208333333,0,0,0,0,0,0,1.041666667,3.125,0,0,0,1.041666667,0,12.5,10.41666667,0,0,10.41666667,0,0,0,0,4.166666667,7.291666667,0,0,0,0,0,3.125,0,8.333333333,0,0,0,0,0,0,0,8.333333333,0,0,0,0,0,0,0,0,0,0,0,0,0,0,0,10.41666667,0,0,0,0,0,0,0,0,0,0,0
2A3a,0,0,0,0,0,0,0,0,0,0,0,0,0,0,0,0,0,0,7.692307692,0,0,1.923076923,0,0,0,0,0,0,0,0,7.692307692,0,0,0,0,0,0,0,11.53846154,0,0,0,0,0,0,0,0,1.923076923,0,0,4.807692308,0,0,0,0,0,7.692307692,9.615384615,0,0,9.615384615,0,0,0,0,9.615384615,9.615384615,0,0,0,0,0,2.884615385,0,0,0,0,0,0,0,0,0,5.769230769,0,0,0,0,0,0,0,0,0,0,0,1.923076923,0,0,0,7.692307692,0,0,0,0,0,0,0,0,0,0,0
3A3a,0,0,0,0,0,0,0,0,0,0,0,0,0,0,0,0,0,0,0,0,0,0,0,0,0,0,0,0,0,0,10.81081081,0,0,0,0,0,0,0,20.27027027,0,0,0,0,0,0,0,0,0,0,0,10.81081081,0,0,0,0,0,9.459459459,13.51351351,0,0,5.405405405,0,0,0,0,5.405405405,5.405405405,5.405405405,0,0,1.351351351,0,0,0,4.054054054,0,0,0,0,0,0,0,0,0,0,0,0,0,0,0,0,0,0,0,0,0,0,0,8.108108108,0,0,0,0,0,0,0,0,0,0,0
4A3a,0,0,0,0,0,0,0,0,0,0,0,0,0,0,0,0,0,0,0,0,0,0,0,0,0,0,0,0,0,0,5.434782609,0,0,0,1.086956522,8.695652174,0,0,11.95652174,0,0,0,4.347826087,0,0,0,6.52173913,0,0,0,1.086956522,0,0,0,0,0,11.95652174,10.86956522,0,0,2.173913043,0,0,0,0,8.695652174,5.434782609,4.347826087,0,0,6.52173913,0,0,0,0,0,0,0,0,0,0,0,0,0,0,0,0,0,0,0,0,0,0,0,2.173913043,0,0,0,8.695652174,0,0,0,0,0,0,0,0,0,0,0
5A3a,0,0,0,0,0,0,0,0,0,0,0,0,0,0,0,0,0,0,0,0,0,4.938271605,0,0,0,0,0,12.34567901,0,0,0,0,0,0,1.234567901,18.51851852,0,0,0,0,0,0,0,0,0,0,0,0,0,0,0,0,12.34567901,0,0,0,0,4.938271605,0,0,0,0,0,0,0,3.703703704,4.938271605,4.938271605,0,0,22.22222222,0,0,0,0,0,0,0,0,0,0,0,0,0,0,0,0,0,0,0,0,0,1.234567901,0,1.234567901,0,0,0,7.407407407,0,0,0,0,0,0,0,0,0,0,0
6A3a,0,0,0,0,0,0,0,0,0,0,0,0,0,0,0,0,0,0,0,0,0,0,0,0,0,0,0,0,0,0,0,0,0,0,0,0,0,0,0,0,0,23.07692308,0,0,0,0,0,4.615384615,0,0,10.76923077,0,0,0,0,0,7.692307692,7.692307692,0,0,3.076923077,0,0,0,0,6.153846154,3.076923077,3.076923077,0,0,13.84615385,0,0,0,0,0,0,0,0,0,0,0,0,0,0,0,0,0,0,0,1.538461538,0,0,0,0,0,0,0,15.38461538,0,0,0,0,0,0,0,0,0,0,0
7A3a,0,6.756756757,0,0,0,0,0,0,8.108108108,0,0,0,0,0,0,0,0,2.702702703,0,0,0,0,0,0,0,0,0,6.756756757,0,0,0,0,5.405405405,0,1.351351351,4.054054054,0,0,0,0,0,0,0,0,10.81081081,0,0,2.702702703,0,0,0,0,0,0,0,0,6.756756757,6.756756757,0,0,0,0,0,0,0,6.756756757,2.702702703,5.405405405,0,0,5.405405405,0,0,0,0,0,0,0,0,0,0,0,0,0,0,0,0,0,0,0,0,0,0,0,4.054054054,0,0,0,13.51351351,0,0,0,0,0,0,0,0,0,0,0
8A3a,0,0,0,0,0,0,0,0,0,18.18181818,0,0,0,0,0,3.896103896,0,0,12.98701299,0,0,0,0,0,0,0,0,0,0,0,0,0,0,0,0,6.493506494,0,0,1.298701299,0,0,0,0,0,0,0,0,5.194805195,0,0,6.493506494,0,2.597402597,0,0,0,0,0,0,0,0,0,0,0,0,16.88311688,2.597402597,10.38961039,0,0,0,0,0,0,0,0,0,0,0,0,0,0,0,0,0,0,0,0,0,0,0,0,0,0,5.194805195,0,0,0,7.792207792,0,0,0,0,0,0,0,0,0,0,0
9A3a,0,0,0,0,0,0,0,0,0,0,0,0,0,0,0,0,0,0,0,0,0,0,0,0,0,0,0,10,0,0,0,0,10,0,0,0,0,0,0,0,0,0,0,0,0,0,19,6,0,0,0,0,0,0,0,0,2,6,0,0,0,0,0,0,0,6,4,7,0,0,10,0,0,0,0,0,0,0,0,0,0,0,5,0,0,0,0,0,0,0,0,0,0,0,0,0,0,0,15,0,0,0,0,0,0,0,0,0,0,0
10A3a,1.428571429,7.142857143,1.428571429,0,5.714285714,0,0,0,7.142857143,0,11.42857143,0,0,5.714285714,0,4.285714286,0,2.857142857,2.857142857,0,30,0,0,0,0,0,0,2.857142857,0,0,0,0,0,0,0,0,0,0,0,0,0,0,0,0,0,0,0,0,0,0,0,0,0,0,0,0,0,0,0,0,0,0,0,0,0,1.428571429,0,0,0,0,0,0,0,0,0,0,0,0,7.142857143,0,0,0,0,0,0,0,0,0,0,0,0,1.428571429,0,0,0,0,0,0,5.714285714,0,0,0,0,1.428571429,0,0,0,0,0,0
11A3a,0,7.462686567,1.492537313,0,0,0,20.89552239,0,11.94029851,10.44776119,0,0,0,2.985074627,0,2.985074627,0,2.985074627,2.985074627,0,0,0,0,0,0,0,0,5.970149254,0,0,0,0,0,0,0,0,0,0,0,0,0,0,0,0,0,0,0,0,0,0,0,0,0,0,0,0,0,0,0,0,0,0,0,0,0,5.970149254,0,0,0,0,0,0,0,0,0,0,0,0,7.462686567,0,0,0,0,0,0,0,0,0,0,0,0,1.492537313,0,0,0,0,0,0,0,0,0,0,0,0,0,0,0,0,14.92537313,0
12A3a,0,0,0,0,0,0,10.60606061,0,12.12121212,10.60606061,0,0,18.18181818,0,0,27.27272727,0,0,0,0,0,0,0,0,0,0,0,7.575757576,0,0,0,0,0,0,0,0,0,0,0,0,0,0,0,0,0,0,0,0,0,0,0,0,0,0,0,0,0,0,0,0,0,0,0,0,0,0,0,0,0,0,0,0,0,0,0,0,0,0,0,0,0,0,0,0,0,0,0,0,0,0,0,0,0,0,0,0,0,0,0,0,10.60606061,0,0,0,0,0,0,0,3.03030303,0
13A3a,0,0,0,0,0,0,5.882352941,0,23.52941176,0,0,0,14.70588235,0,0,0,0,0,0,0,0,0,0,0,7.352941176,7.352941176,0,0,0,0,0,0,0,0,0,0,0,0,0,0,0,0,0,0,0,0,0,1.470588235,0,0,13.23529412,0,0,0,0,0,0,0,0,0,0,0,0,0,0,7.352941176,2.941176471,7.352941176,0,0,0,0,0,0,0,0,0,0,0,0,0,0,0,0,0,0,0,0,0,0,0,0,0,0,0,0,0,0,0,0,0,0,0,0,0,0,0,0,8.823529412,0
14A3a,0,8.333333333,0,0,0,0,8.333333333,0,13.33333333,5,0,0,0,0,0,1.666666667,0,0,0,0,0,0,0,0,0,0,0,0,0,0,0,0,0,0,0,0,0,0,0,0,0,0,0,0,0,0,26.66666667,0,0,0,13.33333333,0,0,0,0,0,0,0,0,0,0,0,0,0,0,13.33333333,0,0,0,0,0,0,0,0,0,0,0,0,0,1.666666667,0,0,0,0,0,0,0,1.666666667,0,0,0,0,0,0,0,0,0,0,0,0,0,0,0,0,0,0,0,0,6.666666667,0
15A3a,0,7.692307692,0,0,0,0,7.692307692,0,12.30769231,0,0,0,15.38461538,0,0,0,0,0,0,0,0,0,0,0,0,0,0,7.692307692,0,0,1.538461538,0,0,0,1.538461538,0,0,0,0,0,0,0,0,0,0,0,15.38461538,0,3.076923077,0,3.076923077,0,0,0,0,0,0,0,0,0,0,0,0,0,0,12.30769231,0,0,0,0,0,0,0,0,0,0,0,0,0,1.538461538,0,0,0,0,0,0,0,0,0,0,0,0,0,0,1.538461538,0,0,0,0,0,0,0,0,0,0,0,0,0,9.230769231,0
16A3a,0,0,0,0,0,0,0,0,0,0,0,0,0,0,0,0,0,0,0,0,22.47191011,0,0,0,0,0,0,0,0,0,0,0,0,0,0,0,0,0,0,0,0,0,0,0,13.48314607,0,0,0,0,0,0,0,0,0,0,0,2.247191011,6.741573034,0,0,6.741573034,0,0,0,0,0,5.617977528,0,0,0,17.97752809,0,0,0,0,0,0,0,0,0,3.370786517,0,4.494382022,0,0,0,0,0,0,0,0,0,0,0,0,11.23595506,0,0,5.617977528,0,0,0,0,0,0,0,0,0,0,0
17A3a,0,0,0,0,0,0,0,0,4.819277108,0,0,0,0,0,0,1.204819277,0,0,0,0,0,0,0,0,0,0,0,0,0,0,0,0,0,0,0,0,0,0,0,0,0,0,0,0,7.228915663,0,0,24.09638554,0,0,0,0,0,0,0,0,0,4.819277108,0,0,4.819277108,0,0,0,0,0,0,0,0,0,13.25301205,0,0,0,0,0,0,0,0,0,2.409638554,0,0,0,0,0,0,0,0,0,0,0,0,0,2.409638554,1.204819277,0,0,14.45783133,0,19.27710843,0,0,0,0,0,0,0,0,0
18A3a,0,0,0,0,0,0,0,0,0,0,0,0,0,0,0,0,0,0,0,0,0,5.263157895,0,0,0,0,0,0,0,0,0,0,0,0,0,0,0,0,0,0,0,0,0,0,35.0877193,0,17.54385965,0,0,0,0,0,0,0,0,0,0,0,0,0,3.50877193,0,0,0,0,0,7.01754386,0,0,0,1.754385965,0,3.50877193,0,0,0,0,0,0,0,7.01754386,0,0,0,0,0,0,0,0,0,0,0,0,0,0,0,0,0,14.03508772,0,5.263157895,0,0,0,0,0,0,0,0,0
19A3a,0,0,0,0,0,0,0,0,0,0,0,0,0,0,0,0,0,0,0,0,35.0877193,0,0,0,0,0,0,3.50877193,0,0,0,0,0,0,0,0,0,0,0,0,0,0,0,0,7.01754386,0,0,0,0,0,7.01754386,0,0,0,0,0,3.50877193,7.01754386,0,0,3.50877193,0,0,0,0,7.01754386,8.771929825,3.50877193,0,0,0,0,0,0,0,0,0,0,0,0,0,0,0,0,0,0,0,0,0,0,0,0,0,0,0,0,0,0,14.03508772,0,0,0,0,0,0,0,0,0,0,0
20A3a,0,0,0,0,0,0,15.38461538,0,0,30.76923077,0,0,12.30769231,0,0,4.615384615,0,0,0,0,0,0,0,0,0,0,0,0,0,0,0,0,0,0,1.538461538,0,0,0,0,0,0,0,0,0,0,0,0,0,0,0,0,0,0,0,0,0,0,0,0,0,0,0,0,0,0,6.153846154,0,6.153846154,0,0,0,0,0,0,0,0,0,0,0,0,0,0,0,0,0,0,0,0,0,0,0,0,0,0,3.076923077,0,0,0,7.692307692,0,9.230769231,0,0,0,0,0,0,0,3.076923077,0
21A3a,0,0,0,0,0,0,23.80952381,0,0,15.87301587,0,0,0,6.349206349,0,12.6984127,0,0,0,0,0,0,0,0,7.936507937,7.936507937,0,0,0,0,0,0,0,0,0,0,0,0,0,0,0,0,0,0,0,0,0,0,0,0,0,0,0,0,0,0,0,0,0,0,0,0,0,0,0,6.349206349,0,6.349206349,0,0,0,0,0,0,0,0,0,0,0,0,0,0,0,0,0,0,0,0,0,0,0,0,0,0,6.349206349,0,0,0,0,0,0,0,0,0,0,0,0,0,6.349206349,0
22A3a,0,0,0,0,0,0,0,0,7.8125,0,0,0,0,0,0,0,0,0,0,0,0,0,0,0,0,0,0,6.25,0,0,0,0,6.25,0,0,0,0,0,0,0,0,0,0,0,28.125,0,0,18.75,0,0,0,0,0,0,0,0,0,0,0,0,0,0,0,0,0,4.6875,1.5625,0,0,0,23.4375,0,0,0,0,0,0,0,0,0,0,0,0,0,0,0,0,0,0,0,0,0,0,0,0,0,0,0,0,0,0,0,0,0,0,0,0,0,3.125,0
23A3a,0,0,0,0,0,0,0,0,7.936507937,0,0,1.587301587,0,0,0,0,7.936507937,0,0,0,15.87301587,0,0,0,0,0,0,0,0,0,0,0,0,0,3.174603175,0,0,0,0,0,0,0,0,0,14.28571429,0,0,6.349206349,0,0,11.11111111,0,0,0,0,0,0,1.587301587,0,0,1.587301587,0,0,0,0,0,1.587301587,0,0,0,11.11111111,0,1.587301587,0,0,0,0,0,0,0,0,0,3.174603175,0,0,0,0,0,0,0,0,0,0,0,6.349206349,0,0,0,0,0,0,0,0,0,0,0,0,0,4.761904762,0
24A3a,0,0,0,0,0,0,0,0,7.8125,0,0,1.5625,0,0,0,0,7.8125,7.8125,7.8125,0,0,0,0,0,0,0,0,0,0,0,3.125,0,0,0,0,0,0,0,0,0,0,0,0,0,14.0625,0,0,0,0,0,34.375,0,0,0,0,0,1.5625,0,0,0,0,0,0,0,0,0,0,0,0,7.8125,0,0,0,0,0,0,0,0,0,0,0,1.5625,0,0,0,0,0,0,0,0,0,0,0,1.5625,0,0,0,0,0,0,3.125,0,0,0,0,0,0,0,0,0
25A3a,0,0,0,0,0,0,8.333333333,0,0,11.11111111,0,0,0,0,0,1.388888889,0,0,0,0,0,0,0,0,0,0,0,0,0,0,0,0,0,0,0,0,0,0,27.77777778,0,0,0,0,0,0,0,0,0,0,0,0,0,0,0,0,0,1.388888889,1.388888889,0,0,0,0,0,0,0,13.88888889,0,13.88888889,0,0,0,0,0,0,0,0,0,0,0,0,0,0,0,0,0,0,0,0,0,0,0,0,0,0,0,0,0,0,5.555555556,0,12.5,0,0,0,0,0,0,0,2.777777778,0
26A3a,0,0,0,0,0,0,0,0,0,0,0,0,0,0,0,0,0,0,0,0,18.18181818,0,0,0,0,0,0,0,0,0,0,0,0,0,0,0,0,0,0,0,0,0,0,0,30.3030303,0,0,12.12121212,0,0,0,0,0,0,0,0,0,0,0,0,0,0,0,0,0,6.060606061,1.515151515,3.03030303,0,0,4.545454545,0,3.03030303,0,0,0,0,0,0,0,0,0,4.545454545,0,0,0,0,0,0,0,0,0,0,0,0,0,0,0,6.060606061,0,6.060606061,0,0,0,0,0,0,0,4.545454545,0
27A3a,0,0,0,0,0,0,0,0,0,0,0,0,0,0,0,0,0,9.259259259,9.259259259,0,0,0,0,0,0,0,0,0,0,0,0,0,0,0,0,0,0,0,0,0,0,0,0,0,44.44444444,0,0,0,0,0,0,0,0,0,0,0,0,0,0,0,0,0,0,0,0,0,0,0,0,9.259259259,0,0,0,0,0,0,0,0,0,0,0,1.851851852,5.555555556,0,0,0,0,0,0,0,0,0,0,1.851851852,0,1.851851852,0,0,7.407407407,0,3.703703704,0,0,1.851851852,0,0,0,0,3.703703704,0
28A3a,0,0,0,0,0,0,0,0,6.493506494,0,0,0,3.896103896,0,0,3.896103896,0,0,15.58441558,0,0,0,0,0,0,0,0,2.597402597,0,0,3.896103896,0,0,0,0,0,0,0,0,0,0,0,0,0,0,0,2.597402597,0,0,0,0,0,0,0,0,0,0,0,0,0,0,0,0,0,0,5.194805195,0,19.48051948,0,10.38961039,12.98701299,0,0,0,5.194805195,0,0,0,0,0,0,0,0,0,0,0,0,0,0,0,0,1.298701299,1.298701299,0,0,0,0,0,5.194805195,0,0,0,0,0,0,0,0,0,0,0
29A3a,0,0,0,0,0,0,0,0,7.920792079,1.98019802,0,0,10.89108911,0,0,0.99009901,0,0,0.99009901,0,0,0,0,0,0,0,0,1.98019802,0,0,7.920792079,0,0,0,0,0,0,0,0,0,0,0,0,0,0,0,0,0,0,0,0,0,0,0,2.97029703,0,4.95049505,0,0,0,6.930693069,0,0,0,0,9.900990099,3.96039604,13.86138614,0,19.8019802,0,0,0,0,3.96039604,0,0,0,0,0,0,0,0,0,0,0,0,0,0,0,0,0.99009901,0,0,0,0,0,0,0,0,0,0,0,0,0,0,0,0,0,0
30A3a,0,0,0,0,0,0,0,0,0,6.329113924,0,0,0,0,0,2.53164557,2.53164557,0,10.12658228,0,0,0,0,0,0,0,0,5.063291139,0,0,8.860759494,0,0,0,0,0,0,0,0,0,0,0,0,0,0,2.53164557,2.53164557,0,0,0,0,0,0,0,0,0,6.329113924,0,0,0,0,0,0,0,0,7.594936709,0,17.72151899,0,7.594936709,18.98734177,0,0,0,0,0,0,0,0,0,0,0,0,0,0,0,0,0,0,0,0,0,0,1.265822785,0,0,0,0,0,0,0,0,0,0,0,0,0,0,0,0
31A3a,0,0,0,0,0,0,0,0,9.016393443,0,0,0,4.098360656,0,0,0.819672131,0,0,0,0,0,0,0,0,0,0,0,0,0,0,0,0,0,0,0,0,0,0,0,0,0,0,0,0,0,0,5.737704918,8.196721311,0,0,8.196721311,0,0,0,2.459016393,0,0,4.098360656,0,0,8.196721311,0,0,0,0,4.918032787,12.29508197,4.918032787,0,6.557377049,8.196721311,0,0,0,3.278688525,0,0,0,0,0,0,0,0,0,0,0,0,0,0,0,0,0,0,0,0,4.098360656,0,0,4.918032787,0,0,0,0,0,0,0,0,0,0,0
32A3a,0,0,0,0,7.766990291,0,0,0,9.708737864,2.912621359,0,0,5.825242718,1.941747573,0,2.912621359,0,3.883495146,0.970873786,0,0,0,0,0,0,0,0,5.825242718,0,0,0,0,0,0,0,0,0,0,0,0,0,0,0,0,0,0,4.854368932,5.825242718,0,0,1.941747573,0,0,0,1.941747573,0,0,0,0,0,9.708737864,0,0,0,0,7.766990291,7.766990291,7.766990291,0,4.854368932,0,0,0,0,0,0,0,0,0,0,0,0,0,0,0,0,0,0,0,0,0,0,0,0,5.825242718,0,0,0,0,0,0,0,0,0,0,0,0,0,0,0
33A3a,0,0,0,0,0,0,2.272727273,0,5.681818182,9.090909091,3.409090909,0,17.04545455,0,0,1.136363636,0,0,0,0,0,0,0,0,0,0,0,4.545454545,0,0,0,0,0,0,0,0,0,0,0,0,0,0,0,0,0,0,1.136363636,0,0,0,0,0,0,0,2.272727273,0,0,4.545454545,0,0,4.545454545,0,0,0,0,4.545454545,6.818181818,4.545454545,0,13.63636364,0,0,0,0,0,0,0,0,0,0,0,0,0,0,0,0,0,0,0,0,0,0,0,0,6.818181818,0,0,0,7.954545455,0,0,0,0,0,0,0,0,0,0,0
34A3a,0,0,0,0,0,0,4.081632653,0,0,3.06122449,0,0,4.081632653,0,0,2.040816327,0,5.102040816,2.040816327,0,18.36734694,0,0,0,0,0,0,1.020408163,0,0,0,0,12.24489796,0,0,0,0,0,0,0,0,0,0,0,0,0,2.040816327,0,0,0,0,0,0,0,4.081632653,1.020408163,0,2.040816327,0,0,3.06122449,0,0,0,0,5.102040816,8.163265306,5.102040816,0,4.081632653,7.142857143,0,0,0,0,0,0,0,0,2.040816327,0,0,0,0,0,0,0,0,0,0,0,0,0,0,0,0,0,0,1.020408163,0,3.06122449,0,0,0,0,0,0,0,0,0
35A3a,0,0,0,0,4,0,0,0,16,0,0,0,13,1,0,3,1,0,5,0,0,0,0,0,0,0,0,0,0,0,5,0,0,0,0,0,0,0,6,0,0,0,0,0,0,0,0,0,0,0,0,0,0,0,1,0,0,0,0,0,0,0,0,0,0,6,0,8,0,4,10,0,0,0,0,0,0,0,0,0,0,0,0,0,0,0,0,0,0,0,0,0,0,0,4,0,0,0,3,0,10,0,0,0,0,0,0,0,0,0
36A3a,0,0,0,0,16,0,0,0,13.33333333,0,2.666666667,0,13.33333333,0,0,12,0,0,2.666666667,0,0,0,0,0,0,0,0,2.666666667,0,0,0,0,0,0,0,0,0,0,0,0,0,0,0,0,0,0,0,0,0,0,0,0,0,0,0,0,0,0,0,0,0,0,0,0,0,9.333333333,0,9.333333333,0,5.333333333,0,0,0,0,0,0,0,0,0,0,0,0,0,0,0,0,0,0,0,0,0,0,0,0,0,6.666666667,0,6.666666667,0,0,0,0,0,0,0,0,0,0,0,0
37A3a,0,0,0,0,10,0,0,0,6.25,6.25,0,0,7.5,0,0,3.75,0,6.25,5,0,0,0,0,0,0,0,0,6.25,0,0,12.5,0,0,0,0,0,0,0,0,0,0,0,0,0,0,0,1.25,0,0,0,0,0,0,0,2.5,0,0,0,0,0,0,0,0,0,0,6.25,6.25,0,0,0,0,0,2.5,0,5,0,0,0,0,0,0,0,0,0,0,0,0,0,0,0,0,0,0,0,7.5,0,0,0,0,0,0,0,0,0,0,0,0,0,5,0
38A3a,0,0,0,0,12.30769231,0,0,0,20,0,0,0,13.84615385,0,0,9.230769231,0,3.076923077,1.538461538,0,13.84615385,0,0,0,0,0,0,0,0,0,3.076923077,0,0,0,0,0,0,0,0,0,0,0,0,0,0,0,0,0,0,0,0,0,0,0,0,0,0,0,0,0,0,0,0,0,0,6.153846154,0,6.153846154,0,0,3.076923077,0,0,0,0,0,0,0,0,0,0,0,0,0,0,0,0,0,0,0,0,0,0,0,0,0,0,7.692307692,0,0,0,0,0,0,0,0,0,0,0,0
39A3a,0,0,0,5,0,0,5,0,10,0,0,0,7.5,0,0,7.5,0,0,0,0,6.25,6.25,0,0,0,0,0,0,0,0,0,0,6.25,0,0,0,0,0,0,0,0,0,0,0,6.25,0,0,7.5,0,0,6.25,0,0,0,0,0,10,0,0,0,1.25,0,0,0,0,5,2.5,5,0,0,0,0,0,0,0,0,0,0,0,0,0,0,0,0,0,0,0,0,0,0,0,0,0,0,0,0,0,0,0,0,0,0,0,0,0,0,0,0,2.5,0
40A3a,0,0,0,0,0,0,2.857142857,0,0,0,0,0,4.285714286,0,0,0,0,0,0,0,0,7.142857143,0,0,0,0,0,1.428571429,0,0,4.285714286,0,7.142857143,0,1.428571429,0,0,0,0,0,0,0,1.428571429,0,7.142857143,0,0,0,0,0,31.42857143,0,0,0,0,0,0,0,0,0,0,0,0,0,0,2.857142857,0,2.857142857,0,0,0,0,0,0,0,0,0,0,0,0,0,0,0,0,0,0,0,0,0,0,0,0,0,0,11.42857143,7.142857143,0,0,1.428571429,0,2.857142857,0,0,0,0,0,0,0,2.857142857,0
41A3a,0,0,0,0,0,0,0,0,0,0,1.834862385,0,0,0,0,0,0,0,0,0,0,0,0,0,0,0,0,4.587155963,0,0,1.834862385,0,0,0,0,0,0,0,0,0,0,0,0,0,0,0,13.76146789,5.504587156,0,0,9.174311927,0,0,0,0,0,7.339449541,3.669724771,0,0,7.339449541,0,0,0,0,3.669724771,9.174311927,5.504587156,0,9.174311927,5.504587156,5.504587156,0,0,0,0,0,0,0,0,0,0,0,0,0,0,0,0,0,0,0,0,0,0,0,0,0,0,6.422018349,0,0,0,0,0,0,0,0,0,0,0
42A3a,0,0,0,0,0,0,0,0,0,0,0,0,0,0,0,0,0,0,0,0,0,6.849315068,0,0,0,0,0,6.849315068,0,0,2.739726027,0,6.849315068,6.849315068,0,0,0,0,0,0,0,0,0,0,6.849315068,0,21.91780822,0,0,0,16.43835616,0,0,0,0,0,5.479452055,0,0,0,2.739726027,0,0,0,0,0,2.739726027,2.739726027,0,0,0,0,0,0,0,0,0,0,2.739726027,1.369863014,0,0,0,0,0,0,0,0,0,0,0,0,0,0,0,0,0,0,0,0,0,0,0,0,0,0,0,0,6.849315068,0
43A3a,0,0,0,0,0,0,0,0,0,0,0,0,0,0,0,0,0,11.84210526,0,0,0,0,0,0,0,0,0,0,0,0,2.631578947,0,0,0,0,0,0,0,0,0,0,0,0,0,0,0,22.36842105,0,0,0,7.894736842,0,0,0,0,0,0,5.263157895,0,0,5.263157895,0,0,0,0,5.263157895,10.52631579,5.263157895,0,10.52631579,0,2.631578947,0,0,0,0,0,0,0,1.315789474,0,0,0,0,0,0,0,0,0,0,0,0,0,0,0,0,0,0,2.631578947,0,0,0,0,0,0,0,0,0,6.578947368,0
44A3a,0,0,0,0,0,0,0,0,0,8.988764045,0,0,4.494382022,0,0,1.123595506,0,0,0,0,0,5.617977528,0,0,0,0,0,0,0,0,0,0,5.617977528,0,0,0,0,0,0,0,0,0,0,0,0,0,7.865168539,0,0,0,5.617977528,0,0,0,0,0,8.988764045,0,0,0,0,0,0,0,0,0,2.247191011,0,0,22.47191011,11.23595506,0,0,0,0,0,0,0,0,0,2.247191011,0,0,0,0,0,0,0,0,0,0,0,0,0,4.494382022,0,0,0,5.617977528,0,0,0,0,0,0,0,0,0,3.370786517,0
45A3a,0,0,0,0,0,0,2.5,0,0,10,1.25,0,10,0,0,2.5,0,0,0,0,0,0,0,0,0,0,0,2.5,0,0,0,0,0,0,1.25,0,0,0,0,0,0,0,0,0,0,0,0,0,0,0,0,0,0,0,0,0,10,2.5,0,0,2.5,0,0,0,0,0,12.5,0,0,22.5,0,0,3.75,0,0,0,0,0,0,1.25,0,0,0,0,0,0,0,0,0,0,0,0,0,0,0,0,0,0,12.5,0,2.5,0,0,0,0,0,0,0,0,0
46A3a,0,0,0,0,0,0,4.347826087,0,0,6.52173913,0,0,6.52173913,0,0,0,0,0,0,0,0,0,0,0,0,0,0,0,0,0,2.173913043,0,0,0,0,0,0,0,0,0,0,0,0,0,0,0,0,0,0,0,0,0,0,0,0,0,18.47826087,6.52173913,0,0,7.608695652,0,0,0,0,0,0,0,0,0,5.434782609,0,4.347826087,0,0,0,0,0,0,0,0,0,3.260869565,0,0,0,0,0,0,0,0,0,0,0,0,13.04347826,0,0,21.73913043,0,0,0,0,0,0,0,0,0,0,0
47A3a,0,0,0,0,0,0,0,0,0,0,0,0,0,0,0,0,0,0,0,0,0,0,0,0,0,0,0,0,0,0,6.666666667,0,0,0,0,0,0,0,0,0,13.33333333,0,0,0,0,0,0,0,0,0,0,0,0,0,0,0,13.33333333,8,0,0,12,0,0,0,0,0,5.333333333,0,0,5.333333333,13.33333333,0,0,2.666666667,0,0,0,0,0,0,5.333333333,0,0,0,0,0,0,0,0,0,0,0,0,0,0,0,0,0,14.66666667,0,0,0,0,0,0,0,0,0,0,0
48A3a,0,0,0,0,0,0,0,0,0,0,0,0,0,0,0,0,0,0,0,0,0,0,0,0,0,0,0,0,0,0,4.424778761,0,0,0,0,0,0,0,2.654867257,0,0,0,0,0,7.079646018,0,0,7.079646018,0,0,0,0,0,0,0,0,13.27433628,8.849557522,0,0,17.69911504,0,0,0,0,0,13.27433628,0,0,0,0,0,10.61946903,0,0,0,0,0,0,0,0,0,8.849557522,0,0,0,0,0,0,0,0,0,0,0,0,0,0,0,6.194690265,0,0,0,0,0,0,0,0,0,0,0
49A3a,0,0,0,0,0,0,0,0,0,0,0,0,0,0,0,0,0,0,0,0,0,0,0,0,0,0,0,0,0,0,11.36363636,0,0,0,0,0,0,0,0,0,0,0,0,0,9.090909091,0,11.36363636,0,0,0,0,0,0,0,0,0,9.090909091,11.36363636,0,0,10.22727273,0,0,0,0,0,9.090909091,0,0,0,11.36363636,0,4.545454545,0,0,0,0,0,0,0,0,0,0,0,0,0,0,0,0,0,0,0,0,0,2.272727273,0,0,0,10.22727273,0,0,0,0,0,0,0,0,0,0,0
50A3a,0,0,0,0,0,0,0,0,0,0,0,0,0,0,0,0,0,0,0,0,0,0,0,0,0,0,0,0,0,0,2.739726027,0,10.95890411,6.849315068,0,0,0,0,0,0,0,0,0,0,30.1369863,0,0,0,1.369863014,0,13.69863014,0,0,0,0,0,0,0,0,0,0,0,0,0,0,0,2.739726027,0,0,0,0,0,2.739726027,0,5.479452055,0,0,0,0,0,0,0,0,0,0,0,0,0,0,0,0,0,0,0,0,13.69863014,0,0,8.219178082,0,0,0,0,1.369863014,0,0,0,0,0,0
51A3a,1.086956522,0,1.086956522,0,0,0,0,0,0,0,0,5.434782609,0,0,0,0,0,2.173913043,0,0,0,5.434782609,0,0,0,0,0,0,0,0,3.260869565,0,13.04347826,0,0,0,0,0,0,0,0,0,0,0,17.39130435,0,0,0,1.086956522,0,16.30434783,0,2.173913043,0,0,0,4.347826087,2.173913043,0,0,1.086956522,5.434782609,5.434782609,0,0,0,3.260869565,0,0,0,0,0,0,0,0,0,0,0,2.173913043,0,0,1.086956522,0,0,0,0,0,0,0,0,0,0,0,5.434782609,0,0,0,0,0,0,0,0,0,1.086956522,0,0,0,0,0,0
52A3a,0,0,0,0,0,0,0,0,0,0,0,0,0,0,0,0,0,0,0,0,0,0,0,0,0,0,0,0,0,0,4.301075269,0,0,0,0,0,0,0,0,0,0,0,0,0,5.376344086,0,22.58064516,0,0,0,8.602150538,0,0,0,0,0,5.376344086,3.225806452,0,0,6.451612903,5.376344086,5.376344086,0,0,0,6.451612903,0,0,0,10.75268817,0,3.225806452,0,4.301075269,0,0,1.075268817,0,1.075268817,0,0,0,0,0,0,0,0,0,0,0,0,0,0,4.301075269,0,0,0,0,0,0,0,0,0,0,0,0,0,2.150537634,0
53A3a,1.298701299,0,1.298701299,0,0,0,0,0,0,0,0,6.493506494,0,0,0,0,0,0,0,0,0,6.493506494,0,0,0,0,0,0,0,0,7.792207792,0,10.38961039,0,0,0,0,0,0,0,0,0,0,0,25.97402597,0,0,0,0,0,10.38961039,0,2.597402597,0,0,0,6.493506494,0,0,0,0,0,0,0,0,0,0,0,0,0,6.493506494,0,0,0,0,0,0,0,0,2.597402597,0,0,0,0,0,0,0,0,0,0,0,0,0,0,0,5.194805195,0,0,1.298701299,0,5.194805195,0,0,0,0,0,0,0,0,0
54A3a,0,0,0,0,0,0,0,0,0,0,0,0,0,0,0,0,0,0,0,0,0,0,0,0,0,0,0,0,0,0,3.225806452,0,0,0,0,0,0,0,0,0,0,0,0,0,0,0,17.20430108,0,0,0,0,0,0,0,0,0,16.12903226,6.451612903,0,0,13.97849462,0,0,8.602150538,0,0,12.90322581,0,0,0,8.602150538,0,3.225806452,0,0,0,0,0,0,0,0,0,0,0,0,0,0,0,0,0,0,0,0,0,4.301075269,2.150537634,0,0,3.225806452,0,0,0,0,0,0,0,0,0,0,0
1A3b,0,0,0,0,0,0,0,2.5,2.5,2.5,0,0,2.5,0,2.5,0,0,0,0,0,0,13.75,0,0,0,0,0,13.75,0,0,0,0,0,0,0,0,0,5,0,0,0,0,17.5,0,0,0,0,3.75,0,0,0,0,0,0,1.25,0,0,0,0,0,0,0,0,0,0,0,0,0,0,0,5,0,0,0,0,0,0,0,0,0,0,0,0,0,0,0,0,0,0,0,0,0,0,0,0,6.25,0,0,20,0,0,0,0,1.25,0,0,0,0,0,0
2A3b,0,0,0,0,0,0,0,2.53164557,2.53164557,2.53164557,12.65822785,0,2.53164557,0,2.53164557,0,0,0,0,0,0,12.65822785,0,0,0,0,0,7.594936709,0,6.329113924,0,0,0,0,0,0,0,0,0,2.53164557,0,0,0,0,0,0,0,0,0,0,0,0,0,0,0,0,0,0,0,2.53164557,1.265822785,0,0,0,0,0,0,0,6.329113924,0,12.65822785,0,0,0,0,0,0,0,0,0,8.860759494,0,0,0,0,0,0,0,0,0,0,0,0,0,0,7.594936709,0,0,5.063291139,0,0,0,0,1.265822785,0,0,0,0,0,0
3A3b,0,0,0,0,0,0,0,0,0,0,12.04819277,0,0,0,0,0,0,0,0,0,0,3.614457831,0,0,0,0,0,14.45783133,0,2.409638554,0,0,0,0,0,0,0,0,0,0,0,0,0,0,0,0,0,2.409638554,0,0,0,0,0,0,0,0,0,0,0,1.204819277,0,0,0,0,0,0,0,0,6.024096386,0,24.09638554,0,0,0,0,6.024096386,0,0,0,0,1.204819277,0,0,0,0,0,0,0,0,0,0,0,0,0,0,10.84337349,0,0,12.04819277,0,0,3.614457831,0,0,0,0,0,0,0,0
4A3b,0,0,0,0,0,0,0,0,0,0,0,0,0,0,0,0,0,0,0,0,0,0,0,0,0,0,0,21.53846154,0,0,0,0,0,0,0,0,0,0,0,0,0,0,6.153846154,0,0,0,0,1.538461538,0,0,0,0,0,0,0,0,0,0,0,0,0,0,0,0,0,0,0,0,0,0,15.38461538,0,0,0,0,7.692307692,0,0,0,0,1.538461538,0,0,0,0,0,0,0,0,0,0,0,0,0,0,30.76923077,0,0,15.38461538,0,0,0,0,0,0,0,0,0,0,0
5A3b,0,0,0,0,0,0,0,0,0,0,5.494505495,0,0,0,0,5.494505495,0,0,0,0,0,0,0,0,0,0,0,6.593406593,4.395604396,0,0,0,6.593406593,0,0,0,0,2.197802198,0,0,0,0,0,0,16.48351648,0,0,2.197802198,0,0,0,0,0,0,0,0,0,0,0,0,0,0,0,0,5.494505495,0,5.494505495,0,0,0,15.38461538,0,0,0,0,0,0,0,0,0,3.296703297,0,0,0,0,0,0,0,0,0,0,0,0,0,0,10.98901099,0,0,9.89010989,0,0,0,0,0,0,0,0,0,0,0
6A3b,0,0,0,0,0,0,0,0,0,0,0,0,0,0,0,0,0,0,0,0,0,0,0,0,0,0,0,1.408450704,0,0,0,0,0,0,0,0,0,0,0,0,0,0,5.633802817,0,0,0,0,0,2.816901408,0,0,0,0,0,0,0,0,0,0,0,0,0,0,0,14.08450704,0,14.08450704,0,0,0,28.16901408,0,0,0,0,0,0,0,0,0,21.12676056,0,0,0,0,0,0,0,0,0,0,0,0,0,0,0,0,0,11.26760563,0,0,0,1.408450704,0,0,0,0,0,0,0
7A3b,0,0,0,0,0,0,0,0,0,0,0,0,0,0,0,0,0,0,0,0,0,0,0,0,0,0,0,1.428571429,0,0,0,0,0,0,0,0,0,0,0,0,0,0,0,0,11.42857143,0,0,0,2.857142857,0,0,0,0,0,0,0,0,0,0,0,0,0,0,0,0,0,0,0,0,0,21.42857143,0,0,0,0,0,0,0,0,0,15.71428571,0,8.571428571,0,0,0,0,0,0,0,0,0,0,0,0,30,0,0,8.571428571,0,0,0,0,0,0,0,0,0,0,0
8A3b,0,0,0,0,0,0,0,0,0,0,0,0,0,0,0,0,0,0,0,0,0,0,0,0,0,0,0,21.95121951,0,0,8.536585366,0,0,0,0,0,0,0,0,0,0,0,0,0,0,0,0,0,0,0,0,0,0,0,0,0,0,0,0,0,0,0,0,0,12.19512195,0,12.19512195,0,0,0,18.29268293,0,0,0,0,0,0,0,0,0,1.219512195,0,2.43902439,0,0,0,0,0,0,0,0,0,0,0,0,20.73170732,0,0,1.219512195,0,0,0,1.219512195,0,0,0,0,0,0,0
9A3b,0,0,0,0,0,0,0,0,0,0,6.25,0,0,0,0,6.25,0,0,0,0,0,0,0,0,0,0,0,2.5,0,0,0,0,0,0,0,0,0,0,0,0,0,0,0,0,0,0,0,0,0,0,0,0,0,0,1.25,0,0,0,0,0,0,0,0,0,6.25,0,6.25,0,0,0,22.5,0,0,0,0,0,0,0,0,0,11.25,0,7.5,0,0,0,0,0,0,0,0,0,0,0,0,25,0,0,2.5,0,0,0,2.5,0,0,0,0,0,0,0
10A3b,0,0,0,0,0,0,0,0,0,0,0,0,0,0,0,6.849315068,0,0,0,0,0,0,0,0,0,0,0,0,0,0,0,0,0,0,0,0,0,0,0,0,0,0,0,0,0,0,0,0,0,6.849315068,0,0,0,2.739726027,5.479452055,0,0,0,0,0,0,0,0,0,6.849315068,2.739726027,6.849315068,0,0,0,27.39726027,0,0,0,0,0,0,0,0,0,4.109589041,0,0,0,0,0,0,0,0,0,0,0,0,0,0,6.849315068,0,0,0,0,0,0,4.109589041,0,13.69863014,5.479452055,0,0,0,0
11A3b,0,0,0,0,0,0,0,0,0,0,0,0,0,0,0,5.494505495,0,0,0,0,2.197802198,0,4.395604396,0,0,0,0,1.098901099,4.395604396,0,0,0,0,0,0,0,0,0,0,0,0,0,0,0,0,0,0,0,0,5.494505495,0,0,0,2.197802198,3.296703297,0,0,0,0,0,0,0,0,0,5.494505495,2.197802198,5.494505495,0,0,0,19.78021978,0,0,0,0,0,5.494505495,0,0,0,0,0,6.593406593,0,2.197802198,0,0,0,0,0,0,2.197802198,0,0,0,0,0,0,1.098901099,0,0,0,0,0,10.98901099,4.395604396,0,0,5.494505495,0
12A3b,0,0,0,0,0,0,0,0,0,0,0,0,0,0,0,5.376344086,0,0,0,0,3.225806452,0,4.301075269,0,0,0,0,0,4.301075269,0,0,0,0,0,0,0,0,0,4.301075269,0,0,0,0,0,0,0,0,0,0,0,0,0,0,0,2.150537634,0,0,1.075268817,0,0,1.075268817,0,0,0,5.376344086,0,10.75268817,0,0,0,16.12903226,0,0,0,0,8.602150538,5.376344086,0,0,0,0,0,3.225806452,0,0,0,0,0,0,0,0,2.150537634,0,0,3.225806452,0,0,0,0,0,0,0,0,0,10.75268817,4.301075269,0,0,4.301075269,0
13A3b,0,0,0,0,0,0,0,0,0,0,0,0,0,0,0,0,0,0,0,0,0,0,0,0,0,0,0,0,0,0,0,0,0,0,0,0,0,0,0,0,0,0,0,0,0,0,0,0,0,0,0,0,0,0,0,0,0,11.94029851,0,0,17.91044776,0,0,0,0,0,4.47761194,0,0,0,29.85074627,0,0,0,0,0,0,0,0,0,0,0,29.85074627,0,0,0,0,1.492537313,0,0,0,0,0,0,0,0,0,0,4.47761194,0,0,0,0,0,0,0,0,0,0,0
14A3b,0,0,0,0,0,0,0,0,0,0,0,0,0,0,0,0,0,0,0,0,2.739726027,0,0,0,0,0,0,2.739726027,0,0,0,0,0,0,0,0,0,0,0,0,0,0,1.369863014,0,0,0,0,16.43835616,0,0,0,0,0,0,0,0,0,16.43835616,4.109589041,0,20.54794521,0,0,0,0,0,0,0,0,0,20.54794521,0,0,0,0,0,0,0,0,0,0,0,0,0,0,0,0,0,0,0,0,0,0,0,0,6.849315068,0,0,8.219178082,0,0,0,0,0,0,0,0,0,0,0
15A3b,0,0,0,0,0,0,0,0,0,0,0,0,0,0,0,0,0,0,0,0,3.896103896,0,0,0,0,0,0,12.98701299,0,0,0,0,0,0,0,0,0,5.194805195,0,2.597402597,0,0,0,0,0,0,0,0,0,0,0,0,2.597402597,0,0,0,0,7.792207792,5.194805195,0,11.68831169,0,0,0,0,0,0,0,0,0,0,0,0,0,0,6.493506494,6.493506494,0,0,0,0,0,0,0,0,0,0,0,0,0,0,0,0,0,0,10.38961039,0,0,19.48051948,0,0,0,0,0,0,5.194805195,0,0,0,0
16A3b,0,0,0,0,0,0,0,0,0,0,0,0,0,0,0,0,0,0,0,0,0,0,0,0,0,0,0,8.974358974,0,0,0,0,0,0,0,0,0,2.564102564,0,0,1.282051282,0,6.41025641,0,0,0,0,10.25641026,0,0,0,0,0,0,1.282051282,0,0,0,0,0,0,0,0,0,0,0,0,0,0,0,3.846153846,0,0,0,0,6.41025641,6.41025641,0,0,0,5.128205128,0,0,0,0,0,0,0,0,0,0,0,0,0,0,24.35897436,0,0,23.07692308,0,0,0,0,0,0,0,0,0,0,0
17A3b,0,0,0,0,0,0,0,0,0,0,0,0,0,0,0,0,0,0,0,0,0,0,10.25641026,0,0,7.692307692,0,0,5.128205128,0,0,0,0,0,0,0,0,2.564102564,0,0,0,0,0,0,0,0,0,0,0,0,0,1.282051282,0,0,0,0,0,0,0,0,0,0,0,0,6.41025641,0,6.41025641,0,0,0,19.23076923,0,0,0,0,0,0,0,0,0,8.974358974,0,0,0,0,0,0,1.282051282,0,0,0,0,0,0,0,10.25641026,0,0,20.51282051,0,0,0,0,0,0,0,0,0,0,0
18A3b,0,0,0,0,0,0,0,0,0,0,0,0,0,0,0,0,0,0,0,0,0,2.702702703,0,0,0,0,0,18.91891892,5.405405405,0,1.351351351,0,0,0,0,0,0,8.108108108,0,0,0,0,0,0,0,0,0,0,0,0,0,0,0,0,0,0,0,0,0,0,0,0,0,0,6.756756757,0,6.756756757,0,0,0,20.27027027,0,0,0,0,0,0,0,0,0,0,0,0,0,0,0,0,0,0,0,0,0,0,0,0,9.459459459,0,0,20.27027027,0,0,0,0,0,0,0,0,0,0,0
19A3b,0,0,0,0,0,0,0,0,0,0,0,0,0,0,0,0,0,0,0,0,0,2.666666667,0,0,0,0,0,13.33333333,0,0,0,0,0,0,0,0,0,1.333333333,10.66666667,0,0,0,4,0,0,0,0,0,0,0,0,0,0,0,0,0,0,0,0,0,0,0,0,0,0,0,0,0,0,0,24,0,0,0,0,6.666666667,0,0,0,0,1.333333333,0,0,0,0,0,0,2.666666667,0,0,0,0,0,0,0,14.66666667,0,0,18.66666667,0,0,0,0,0,0,0,0,0,0,0
20A3b,0,0,0,0,0,0,0,0,0,0,0,0,0,0,0,0,0,0,0,0,0,4.225352113,0,0,0,9.85915493,0,0,0,0,0,0,0,0,0,0,0,1.408450704,0,0,0,0,1.408450704,0,0,0,0,0,0,0,0,0,0,0,0,0,0,0,0,0,0,0,0,0,0,0,0,0,0,0,28.16901408,0,0,0,0,11.26760563,0,0,0,0,0,0,0,0,0,0,0,4.225352113,0,0,0,2.816901408,0,0,0,14.08450704,0,0,9.85915493,0,0,0,0,0,7.042253521,5.633802817,0,0,0,0
21A3b,0,0,0,0,0,0,0,0,0,0,0,0,0,0,0,0,0,0,0,0,0,0,0,0,0,0,0,0,0,0,0,0,0,0,0,0,0,4.615384615,0,0,0,0,0,0,0,0,0,0,0,0,0,0,0,0,0,0,0,0,0,0,0,0,0,0,0,0,0,0,0,0,30.76923077,0,0,0,0,7.692307692,0,0,0,0,27.69230769,0,15.38461538,0,0,0,0,0,0,0,0,3.076923077,0,0,0,0,0,0,10.76923077,0,0,0,0,0,0,0,0,0,0,0
22A3b,0,0,0,0,0,0,0,0,0,0,0,0,0,0,0,0,0,0,0,0,0,0,0,0,0,0,0,11.94029851,0,0,0,0,0,0,0,0,29.85074627,0,0,0,0,0,4.47761194,0,0,0,0,0,0,0,0,0,0,0,0,0,0,0,0,0,0,0,0,0,0,0,0,0,0,0,14.92537313,0,0,0,0,0,0,0,0,0,1.492537313,0,0,0,0,0,0,0,0,0,0,2.985074627,0,0,0,22.3880597,0,0,5.970149254,0,0,0,0,0,0,0,2.985074627,2.985074627,0,0
23A3b,0,0,0,0,0,0,0,0,0,0,0,0,0,0,0,0,0,0,0,0,0,0,0,0,0,0,0,0,0,0,0,0,0,0,0,0,0,0,4.225352113,0,0,0,0,0,0,0,0,0,0,0,0,0,0,0,0,0,0,0,0,0,0,0,0,0,7.042253521,0,7.042253521,0,0,0,14.08450704,0,0,0,0,7.042253521,0,0,0,0,11.26760563,0,0,0,0,0,0,0,0,0,0,2.816901408,0,0,0,16.90140845,0,0,21.12676056,0,0,0,0,0,0,5.633802817,2.816901408,0,0,0
24A3b,0,0,0,0,0,0,0,0,0,0,0,0,0,0,0,0,0,0,0,0,0,0,0,0,0,0,0,16.66666667,0,0,0,0,0,0,0,0,0,2.777777778,0,19.44444444,0,0,4.166666667,0,0,0,0,0,0,0,0,0,0,0,0,0,0,0,0,0,0,0,0,0,6.944444444,0,6.944444444,0,0,0,0,0,0,0,0,0,0,0,0,0,0,0,0,0,0,0,0,0,0,0,0,0,0,0,0,27.77777778,0,0,4.166666667,0,0,0,0,0,0,5.555555556,2.777777778,2.777777778,0,0
25A3b,0,0,0,0,0,0,0,0,0,0,0,0,0,0,0,0,0,0,0,0,0,5.555555556,0,0,0,0,0,0,0,0,2.777777778,0,0,0,0,0,0,0,0,0,11.11111111,0,0,0,0,0,0,0,0,0,0,0,0,0,0,0,0,0,0,0,0,0,0,0,6.944444444,0,6.944444444,0,0,0,20.83333333,0,0,0,0,0,0,0,0,0,0,0,0,0,0,0,0,0,0,0,0,0,0,0,0,27.77777778,0,0,12.5,0,0,0,0,0,0,0,2.777777778,2.777777778,0,0
26A3b,0,0,0,0,0,0,0,0,0,6.756756757,13.51351351,0,0,0,0,0,0,0,0,0,9.459459459,6.756756757,0,0,0,0,0,18.91891892,0,0,0,0,0,0,0,0,0,0,0,0,0,0,0,0,4.054054054,0,9.459459459,8.108108108,0,0,0,0,0,0,1.351351351,0,0,0,0,0,0,0,0,0,6.756756757,0,0,0,0,0,2.702702703,0,0,0,0,0,0,0,0,0,0,0,0,0,0,0,0,0,0,0,0,0,0,0,0,0,0,0,4.054054054,0,0,0,8.108108108,0,0,0,0,0,0,0
27A3b,0,0,0,0,0,0,0,0,0,6.41025641,8.974358974,0,0,0,0,0,0,0,0,0,16.66666667,6.41025641,0,0,0,0,0,14.1025641,0,0,0,0,0,0,0,0,0,0,0,1.282051282,11.53846154,0,0,0,0,0,0,5.128205128,0,0,2.564102564,0,0,0,0,0,0,0,0,0,0,0,0,0,6.41025641,0,0,0,0,0,8.974358974,0,0,0,0,0,0,0,0,0,0,0,0,0,0,0,0,0,0,0,0,0,0,0,0,0,0,0,5.128205128,0,0,0,0,0,0,0,6.41025641,0,0,0
28A3b,0,0,0,0,0,0,0,0,0,0,0,0,0,0,0,0,0,0,0,0,9.090909091,6.493506494,0,0,0,0,0,5.194805195,0,0,0,0,0,0,0,0,0,0,0,0,0,0,0,0,15.58441558,0,0,24.67532468,0,0,0,0,0,0,0,0,0,0,0,0,0,0,0,0,0,0,0,0,0,0,0,0,0,0,0,0,0,0,0,0,2.597402597,0,0,0,0,0,0,0,0,0,0,0,0,0,1.298701299,0,0,0,23.37662338,0,0,0,5.194805195,0,0,0,6.493506494,0,0,0
29A3b,0,0,0,0,0,0,0,0,0,0,0,0,0,0,0,0,0,0,0,0,6.493506494,0,0,0,0,0,0,25.97402597,0,0,0,0,0,0,0,0,0,0,0,0,0,0,5.194805195,0,0,0,0,16.88311688,0,0,0,0,0,0,0,0,0,6.493506494,0,3.896103896,9.090909091,0,0,0,6.493506494,0,0,0,0,0,0,0,0,0,0,0,0,0,0,0,0,0,0,0,0,0,0,0,0,0,0,0,0,0,0,0,0,0,6.493506494,0,0,0,0,0,6.493506494,6.493506494,0,0,0,0
30A3b,0,0,0,0,0,5.050505051,0,0,0,5.050505051,10.1010101,0,0,0,0,0,0,0,0,0,0,0,0,0,0,0,0,17.17171717,0,2.02020202,2.02020202,0,0,0,0,0,0,0,0,0,0,0,0,0,10.1010101,0,0,9.090909091,0,0,0,0,0,0,4.04040404,0,0,4.04040404,0,2.02020202,4.04040404,0,0,0,0,0,0,0,0,0,8.080808081,0,0,0,0,0,0,0,0,0,0,0,0,0,0,0,0,0,0,0,0,0,0,0,0,2.02020202,0,0,8.080808081,0,0,0,7.070707071,0,0,0,0,0,0,0
31A3b,0,0,0,0,0,7.142857143,7.142857143,0,0,7.142857143,0,0,0,0,0,0,0,0,0,0,0,0,0,0,0,0,0,32.85714286,0,2.857142857,0,0,0,0,0,0,0,5.714285714,0,0,0,0,0,0,0,0,0,4.285714286,0,0,0,0,0,0,0,0,0,0,0,0,0,0,0,0,0,0,0,0,0,0,0,0,2.857142857,0,0,0,0,0,0,0,0,0,0,2.857142857,0,0,0,0,0,1.428571429,0,0,0,0,0,0,0,0,0,0,0,7.142857143,4.285714286,0,7.142857143,7.142857143,0,0,0,0
32A3b,0,0,0,0,0,0,0,0,0,0,0,0,0,0,0,0,0,0,0,0,2.352941176,0,0,0,0,0,0,15.29411765,0,0,0,0,0,0,0,0,0,2.352941176,0,4.705882353,2.352941176,0,5.882352941,0,0,0,0,11.76470588,0,0,0,0,0,0,0,0,0,7.058823529,0,4.705882353,8.235294118,0,0,0,0,0,0,0,0,0,14.11764706,0,0,0,0,0,0,0,0,0,0,0,0,0,0,0,0,0,0,0,0,0,0,0,0,0,0,0,21.17647059,0,0,0,0,0,0,0,0,0,0,0
33A3b,0,0,0,0,0,0,0,0,0,0,0,0,0,0,0,0,0,0,0,0,3.092783505,0,0,0,0,0,0,0,0,0,0,0,0,0,0,0,0,0,0,4.12371134,0,0,4.12371134,0,0,0,0,14.43298969,0,0,8.24742268,0,0,0,0,0,0,12.37113402,0,0,12.37113402,0,0,0,0,0,2.06185567,0,0,0,18.55670103,0,0,0,0,5.154639175,5.154639175,0,0,0,0,0,0,0,0,0,0,0,0,0,1.030927835,0,0,0,0,0,0,0,6.18556701,0,0,0,3.092783505,0,0,0,0,0,0,0
34A3b,0,0,0,0,0,0,0,0,0,0,0,0,0,0,0,0,0,0,0,0,0,0,0,0,0,0,0,15.47619048,0,0,2.380952381,0,0,0,0,0,0,0,0,7.142857143,0,0,0,0,0,0,0,10.71428571,0,0,0,0,4.761904762,0,0,0,0,10.71428571,0,2.380952381,10.71428571,0,0,0,0,0,0,0,0,0,19.04761905,0,0,0,0,0,0,0,0,0,0,0,0,0,0,0,0,0,0,0,2.380952381,0,0,0,0,0,0,0,7.142857143,0,0,0,7.142857143,0,0,0,0,0,0,0
35A3b,0,0,0,0,0,0,0,0,0,0,0,0,0,0,0,0,0,0,0,0,0,0,0,0,0,0,0,8.695652174,0,0,0,3.260869565,0,0,0,0,0,0,0,8.695652174,0,4.347826087,0,0,0,0,0,16.30434783,0,0,0,0,0,0,0,0,0,13.04347826,0,0,17.39130435,0,0,0,0,0,0,0,0,0,10.86956522,0,0,0,0,0,0,0,0,0,2.173913043,0,2.173913043,0,0,0,0,0,0,0,0,0,0,0,0,2.173913043,0,0,10.86956522,0,0,0,0,0,0,0,0,0,0,0
36A3b,0,0,0,0,0,0,0,0,0,0,0,0,0,0,0,0,0,0,0,0,0,20.27027027,0,0,0,0,0,31.08108108,0,0,0,0,0,0,0,0,0,4.054054054,0,0,0,0,5.405405405,0,0,0,0,13.51351351,0,0,0,0,0,0,1.351351351,0,0,0,0,0,0,0,0,0,0,0,0,0,0,0,5.405405405,0,0,0,0,0,0,0,0,0,4.054054054,0,0,0,0,0,0,0,0,0,0,0,0,0,0,0,0,0,14.86486486,0,0,0,0,0,0,0,0,0,0,0
37A3b,0,0,0,0,0,0,0,0,0,0,0,0,0,0,0,0,0,0,0,0,0,10.25641026,0,0,0,0,0,0,0,0,0,0,0,0,0,0,0,1.282051282,0,0,0,0,5.128205128,0,0,0,0,0,0,0,0,0,0,0,0,0,0,5.128205128,0,0,7.692307692,0,0,0,0,0,0,0,0,0,24.35897436,0,0,0,0,0,0,0,0,0,3.846153846,0,0,0,0,0,0,0,0,0,0,0,0,0,1.282051282,0,0,0,15.38461538,0,0,6.41025641,6.41025641,0,6.41025641,0,6.41025641,0,0,0
38A3b,0,0,0,0,0,0,0,0,0,0,0,0,0,0,0,0,0,0,0,0,0,0,0,0,0,0,0,26.66666667,0,0,0,0,0,0,0,0,0,2.666666667,0,0,0,0,2.666666667,0,0,0,0,8,0,0,0,0,0,0,0,0,0,0,0,0,0,0,0,0,0,0,0,0,0,0,10.66666667,0,0,0,0,0,0,0,0,0,9.333333333,0,0,0,0,0,0,0,0,0,0,2.666666667,0,0,0,0,0,0,17.33333333,0,0,0,0,0,6.666666667,6.666666667,6.666666667,0,0,0
39A3b,0,0,0,0,0,0,0,0,0,0,0,0,0,0,0,0,0,0,0,0,0,0,0,0,0,0,0,4.225352113,0,0,0,0,0,0,0,0,0,2.816901408,0,1.408450704,0,0,0,0,22.53521127,0,0,4.225352113,0,0,0,0,0,0,0,0,0,0,0,0,0,0,0,0,0,0,0,0,0,0,18.30985915,0,0,0,0,0,0,0,0,0,9.85915493,0,8.450704225,0,0,1.408450704,0,0,0,0,0,2.816901408,0,0,0,11.26760563,0,0,12.67605634,0,0,0,0,0,0,0,0,0,0,0
40A3b,0,0,0,0,0,0,0,0,0,0,0,0,0,0,0,0,0,0,0,0,2.857142857,7.142857143,0,0,0,0,0,8.571428571,0,0,0,0,0,0,0,0,0,5.714285714,8.571428571,0,0,12.85714286,0,2.857142857,0,0,0,0,0,0,0,0,0,0,0,0,0,0,0,0,0,0,0,0,0,0,0,0,0,0,14.28571429,0,0,0,0,0,0,0,0,0,10,0,0,0,0,0,0,0,0,0,0,0,0,0,0,0,0,0,12.85714286,0,7.142857143,0,0,0,0,7.142857143,0,0,0,0
41A3b,0,0,0,0,0,0,0,0,0,0,0,0,0,0,0,0,0,0,0,0,1.333333333,6.666666667,0,0,0,0,0,16,0,0,0,0,0,0,0,0,0,4,0,0,0,0,8,0,0,0,0,0,0,0,0,0,0,0,0,0,0,0,2.666666667,0,0,0,0,0,0,0,0,0,0,0,14.66666667,0,0,0,0,0,0,0,0,0,9.333333333,0,0,0,0,0,0,0,0,0,0,0,0,0,0,13.33333333,0,0,24,0,0,0,0,0,0,0,0,0,0,0
42A3b,0,0,0,0,0,0,7.142857143,0,0,0,0,0,0,0,0,0,0,7.142857143,0,0,4.285714286,0,0,7.142857143,0,0,7.142857143,0,0,0,0,0,0,0,7.142857143,0,0,2.857142857,7.142857143,0,0,0,0,0,0,0,0,0,0,0,0,0,7.142857143,0,0,0,0,0,0,0,0,0,0,0,0,0,0,0,0,0,5.714285714,0,0,0,0,0,0,0,0,0,10,0,0,2.857142857,2.857142857,0,7.142857143,0,0,0,0,0,0,0,0,0,0,0,7.142857143,0,0,0,0,0,7.142857143,0,0,0,0,0
43A3b,0,0,0,0,0,0,0,0,0,0,0,0,0,0,0,0,0,6.756756757,0,0,1.351351351,0,0,6.756756757,0,0,6.756756757,17.56756757,0,0,0,0,0,0,0,0,0,0,6.756756757,13.51351351,0,0,5.405405405,0,0,0,0,0,0,0,0,0,0,0,0,0,0,0,0,0,0,0,0,0,0,0,0,0,0,0,0,0,2.702702703,0,0,6.756756757,6.756756757,0,0,0,4.054054054,0,0,0,0,0,0,0,0,0,0,0,0,0,0,0,0,0,8.108108108,0,0,0,0,0,6.756756757,0,0,0,0,0
44A3b,0,0,0,0,0,0,0,0,0,0,0,0,0,0,0,0,0,6.849315068,0,0,16.43835616,0,0,6.849315068,0,0,6.849315068,0,0,0,0,0,0,0,0,0,0,0,8.219178082,0,0,0,5.479452055,0,13.69863014,0,0,0,0,0,0,0,0,0,0,0,0,0,0,0,0,0,0,0,0,0,0,0,0,0,0,0,0,0,0,6.849315068,6.849315068,0,0,0,0,0,0,0,0,0,0,0,0,0,0,2.739726027,0,0,0,0,0,0,12.32876712,0,0,0,0,0,6.849315068,0,0,0,0,0
45A3b,0,0,0,0,0,0,0,0,0,0,0,0,0,0,0,0,0,0,0,0,5.479452055,6.849315068,0,0,0,0,0,0,0,0,0,0,0,0,0,0,0,0,12.32876712,0,0,0,12.32876712,0,0,0,0,0,0,0,0,0,0,0,0,0,0,0,0,0,0,0,0,0,0,0,0,0,0,0,6.849315068,0,0,0,0,0,0,0,0,0,10.95890411,0,5.479452055,0,0,0,0,0,0,0,0,2.739726027,0,0,0,0,0,0,16.43835616,6.849315068,6.849315068,0,0,0,0,6.849315068,0,0,0,0
46A3b,0,0,0,0,0,0,0,0,0,0,0,0,0,0,0,0,0,0,0,0,11.84210526,6.578947368,0,0,0,0,0,3.947368421,0,0,0,0,0,0,0,0,0,0,0,0,0,0,15.78947368,0,15.78947368,0,0,0,0,0,0,0,0,0,0,0,0,0,0,0,0,0,0,0,6.578947368,0,0,0,0,0,0,0,0,0,0,0,0,0,0,0,1.315789474,0,0,0,0,0,0,0,0,0,0,0,0,0,0,0,2.631578947,0,15.78947368,6.578947368,6.578947368,0,0,0,0,0,6.578947368,0,0,0
47A3b,0,0,0,0,0,0,0,0,0,0,0,0,0,0,0,0,0,6.756756757,0,0,0,6.756756757,0,0,0,0,6.756756757,5.405405405,0,0,0,0,0,0,2.702702703,0,0,13.51351351,0,0,0,0,16.21621622,0,0,0,0,0,0,0,0,0,0,0,0,0,0,0,0,0,0,0,0,0,6.756756757,0,0,0,0,0,0,0,0,0,0,0,0,0,0,0,8.108108108,0,0,0,0,0,0,0,0,0,0,0,0,0,0,0,0,0,20.27027027,0,0,0,0,0,6.756756757,0,0,0,0,0
48A3b,0,0,0,0,0,0,0,0,0,0,0,0,0,0,0,0,0,7.142857143,0,0,28.57142857,7.142857143,0,0,0,0,7.142857143,1.428571429,0,0,0,0,0,0,2.857142857,0,0,1.428571429,0,0,0,0,0,0,0,0,0,0,0,0,0,0,0,0,0,0,0,0,0,0,0,0,0,0,7.142857143,0,0,0,0,0,0,0,0,0,0,0,0,0,0,0,0,0,0,0,2.857142857,0,7.142857143,0,0,0,0,0,0,0,0,0,2.857142857,0,17.14285714,7.142857143,0,0,0,0,0,0,0,0,0,0
